Wall time,Step,Value
1768237586.8379462,3,0.0
1768237598.3167794,4,0.0
1768237668.0527008,10,0.0
1768237714.5495949,14,0.0003124999930150807
1768237726.1893158,15,0.0002929687616415322
1768237761.5536191,18,0.0007812499534338713
1768237773.351088,19,0.0017187499906867743
1768237785.1512704,20,0.0012499999720603228
1768237808.6898632,22,0.0006249999860301614
1768237820.3811388,23,0.0004101562371943146
1768237855.4834242,26,0.0
1768237867.170602,27,0.0
1768237995.9838178,38,0.0008007812430150807
1768238019.3721395,40,0.0006249999860301614
1768238101.15475,47,0.002714843489229679
1768238112.934931,48,0.0015625000232830644
1768238124.6443841,49,0.002363281324505806
1768238148.1106384,51,0.0036718747578561306
1768238183.2996237,54,0.004082031548023224
1768238218.500109,57,0.002792968647554517
1768238253.6004462,60,0.00439453125
1768238265.3332312,61,0.003007812425494194
1768238277.0778148,62,0.0031445310451090336
1768238288.853349,63,0.004257813096046448
1768238312.199161,65,0.0027539061848074198
1768238323.9546869,66,0.0022265624720603228
1768238335.6746266,67,0.003867187537252903
1768238347.4149039,68,0.0050195311196148396
1768238370.778779,70,0.005214843433350325
1768238382.514818,71,0.005253906361758709
1768238452.7741957,77,0.005546875298023224
1768238476.197354,79,0.0064843748696148396
1768238487.933693,80,0.007050781510770321
1768238511.246567,82,0.008906249888241291
1768238546.2887685,85,0.00673828087747097
1768238593.1781392,89,0.009531250223517418
1768238710.0777762,99,0.011289061978459358
1768238721.7413826,100,0.009433593600988388
1768238756.8258612,103,0.009414061903953552
1768238791.959281,106,0.013828124850988388
1768238803.6869938,107,0.010605469346046448
1768238827.1887388,109,0.006406249478459358
1768238909.004131,116,0.011386718600988388
1768238967.4710581,121,0.00927734375
1768239014.113022,125,0.012343750335276127
1768239025.7968044,126,0.009628906846046448
1768239049.2010462,128,0.010117188096046448
1768239072.6233897,130,0.010488281026482582
1768239084.3426137,131,0.00966796837747097
1768239142.5185137,136,0.0069726561196148396
1768239154.1780102,137,0.007890624925494194
1768239236.172908,144,0.012421874329447746
1768239259.645273,146,0.009121093899011612
1768239271.3070443,147,0.011015624739229679
1768239306.5233574,150,0.012519530951976776
1768239388.517899,157,0.007480468600988388
1768239423.5785315,160,0.010605468414723873
1768239447.0506098,162,0.01142578013241291
1768239470.48799,164,0.01064453087747097
1768239540.7919624,170,0.00937500037252903
1768239552.5443945,171,0.00917968712747097
1768239564.289889,172,0.009296874515712261
1768239599.2891812,175,0.008242187090218067
1768239610.9455855,176,0.0059960936196148396
1768239622.633659,177,0.006328124552965164
1768239669.5351562,181,0.012128906324505806
1768239704.529181,184,0.017656248062849045
1768239716.189038,185,0.017128905281424522
1768239727.9838767,186,0.01656249910593033
1768239774.765864,190,0.019023437052965164
1768239786.578742,191,0.016953125596046448
1768239798.263631,192,0.01753906160593033
1768239880.1810324,199,0.019121093675494194
1768239915.325034,202,0.02021484263241291
1768239926.9633825,203,0.018984373658895493
1768239938.6774626,204,0.020078126341104507
1768239950.3525665,205,0.027285154908895493
1768239973.7159011,207,0.028828125447034836
1768239997.0839221,209,0.021367186680436134
1768240020.4384882,211,0.024453124031424522
1768240043.8235648,213,0.02226562425494194
1768240067.1908536,215,0.025312498211860657
1768240078.8566728,216,0.022812500596046448
1768240114.0017152,219,0.02509765513241291
1768240125.7256415,220,0.025390625
1768240137.4450297,221,0.0291601549834013
1768240149.199681,222,0.03246093541383743
1768240172.541854,224,0.030214842408895493
1768240231.0022724,229,0.03919921815395355
1768240348.1445436,239,0.029511716216802597
1768240371.60221,241,0.02955077961087227
1768240406.6721091,244,0.03642578050494194
1768240418.3969882,245,0.034296873956918716
1768240430.0025334,246,0.03238281235098839
1768240523.7887828,254,0.040800780057907104
1768240570.5529644,258,0.04691405966877937
1768240582.2471032,259,0.045195311307907104
1768240594.0000675,260,0.043144531548023224
1768240617.4833596,262,0.05654296651482582
1768240711.246755,270,0.05433593690395355
1768240722.923282,271,0.05595703050494194
1768240758.1719549,274,0.05351562052965164
1768240781.5305035,276,0.0576171875
1768240804.9952583,278,0.05460937321186066
1768240828.3715932,280,0.055488280951976776
1768240851.7599123,282,0.054472655057907104
1768240863.4961143,283,0.05849609151482582
1768240886.9582546,285,0.053398437798023224
1768240910.4113867,287,0.04541015625
1768240922.1547189,288,0.055546872317790985
1768240945.5898972,290,0.06300780922174454
1768241004.021156,295,0.07289062440395355
1768241015.7365112,296,0.07685546576976776
1768241027.467521,297,0.08111327886581421
1768241039.1844802,298,0.07777343690395355
1768241132.9152684,306,0.08390624821186066
1768241156.2586868,308,0.08140625059604645
1768241168.0028183,309,0.0791015625
1768241203.1275766,312,0.06902343779802322
1768241250.0438933,316,0.07832031697034836
1768241273.4337769,318,0.09333984553813934
1768241285.2233846,319,0.10583984106779099
1768241320.353035,322,0.09728515148162842
1768241343.7367928,324,0.08714842796325684
1768241402.300791,329,0.09574218094348907
1768241425.7523034,331,0.10931640863418579
1768241437.4657247,332,0.11566406488418579
1768241495.933854,337,0.12583984434604645
1768241507.6080384,338,0.12279297411441803
1768241531.0304878,340,0.11828124523162842
1768241566.1865304,343,0.13029295206069946
1768241589.7724693,345,0.1237500011920929
1768241601.487135,346,0.12121093273162842
1768241648.384185,350,0.1379101425409317
1768241671.920272,352,0.14910155534744263
1768241695.511803,354,0.16333983838558197
1768241742.6780806,358,0.18291015923023224
1768241789.7222927,362,0.16658203303813934
1768241801.386939,363,0.18656249344348907
1768241813.175121,364,0.20005857944488525
1768241824.8885274,365,0.1951562464237213
1768241836.6420705,366,0.17710936069488525
1768241848.4199617,367,0.17511717975139618
1768241930.6886468,374,0.19464842975139618
1768241965.8860142,377,0.17134764790534973
1768241977.5959928,378,0.1653124988079071
1768242071.3160164,386,0.1742578148841858
1768242118.0505536,390,0.1877734363079071
1768242129.859088,391,0.18300780653953552
1768242141.593297,392,0.1833203136920929
1768242153.3525765,393,0.1883203089237213
1768242165.0754087,394,0.19798827171325684
1768242200.341395,397,0.19886718690395355
1768242259.0838077,402,0.2154882699251175
1768242282.4163544,404,0.20552733540534973
1768242329.4444637,408,0.22994139790534973
1768242341.127532,409,0.21970702707767487
1768242388.1342595,413,0.23863281309604645
1768242399.8638396,414,0.2509179711341858
1768242411.5722122,415,0.2659569978713989
1768242446.919649,418,0.2725585699081421
1768242482.250657,421,0.3007226586341858
1768242494.0319781,422,0.2813085913658142
1768242529.262234,425,0.28078123927116394
1768242541.0048926,426,0.28425782918930054
1768242588.1169124,430,0.2831054627895355
1768242646.9868205,435,0.3166796565055847
1768242658.768837,436,0.30796873569488525
1768242670.6146286,437,0.30199217796325684
1768242694.1461601,439,0.30292966961860657
1768242705.9949267,440,0.31490233540534973
1768242717.8431835,441,0.3204296827316284
1768242741.5387208,443,0.3240429759025574
1768242753.2632253,444,0.32591795921325684
1768242776.811658,446,0.2975195050239563
1768242824.1154006,450,0.3536132574081421
1768242847.796359,452,0.3733789026737213
1768242859.5997584,453,0.36808592081069946
1768242871.3602853,454,0.36503905057907104
1768242894.9810154,456,0.3618749976158142
1768242942.3569012,460,0.3851953148841858
1768242954.2096665,461,0.4050976634025574
1768243001.4442546,465,0.3822656273841858
1768243013.2824602,466,0.3982812464237213
1768243036.9116125,468,0.40128904581069946
1768243060.573949,470,0.4192773401737213
1768243108.0537684,474,0.4448828101158142
1768243119.8841112,475,0.45347654819488525
1768243155.4546785,478,0.4605078101158142
1768243167.2163475,479,0.4625195264816284
1768243179.0312128,480,0.4775781035423279
1768243190.8717678,481,0.46486327052116394
1768243214.512098,483,0.4526952803134918
1768243226.4061272,484,0.4337695240974426
1768243261.967382,487,0.44972652196884155
1768243273.8354287,488,0.4456250071525574
1768243285.7024546,489,0.43464845418930054
1768243309.377044,491,0.45556640625
1768243344.9136372,494,0.4388671815395355
1768243392.4231687,498,0.4904492199420929
1768243439.9435766,502,0.5077344179153442
1768243451.8494337,503,0.5186523199081421
1768243487.4020753,506,0.5192578434944153
1768243523.3121226,509,0.5269922018051147
1768243535.2696862,510,0.493476539850235
1768243547.1649282,511,0.49632811546325684
1768243559.0661974,512,0.5108984112739563
1768243571.0332186,513,0.5246874690055847
1768243582.9920342,514,0.5246874690055847
1768243618.8283067,517,0.5355468392372131
1768243630.8907144,518,0.5455664396286011
1768243642.8963537,519,0.5508593320846558
1768243654.892593,520,0.5470898151397705
1768243690.763221,523,0.557910144329071
1768243774.6278255,530,0.5676171779632568
1768243810.7187397,533,0.5721288919448853
1768243822.5869737,534,0.5726562738418579
1768243846.5000598,536,0.5693163871765137
1768243858.3904567,537,0.5890429615974426
1768243870.4102814,538,0.6253710985183716
1768243894.3292913,540,0.6115820407867432
1768243918.2884297,542,0.6106640100479126
1768243942.4769607,544,0.6306054592132568
1768243966.4294066,546,0.635546863079071
1768243978.3899932,547,0.6466405987739563
1768244014.555886,550,0.6463671922683716
1768244038.545119,552,0.6730077862739563
1768244074.8160377,555,0.6696093678474426
1768244086.848871,556,0.6812499761581421
1768244159.3979888,562,0.7190428972244263
1768244171.5212567,563,0.7132226228713989
1768244183.594316,564,0.7015820741653442
1768244231.9620047,568,0.7041601538658142
1768244268.096959,571,0.6986132264137268
1768244292.415289,573,0.7176562547683716
1768244328.6013863,576,0.7217187285423279
1768244376.9875968,580,0.7180078029632568
1768244425.500877,584,0.7012890577316284
1768244437.70179,585,0.7025586366653442
1768244449.8048868,586,0.7080273628234863
1768244474.0919054,588,0.7138671278953552
1768244498.234243,590,0.7071093916893005
1768244510.3517153,591,0.7165820598602295
1768244522.4115028,592,0.7312304377555847
1768244546.734731,594,0.7431836128234863
1768244571.0851572,596,0.7396484613418579
1768244595.389878,598,0.7448632717132568
1768244607.5582082,599,0.7446679472923279
1768244644.016977,602,0.7319140434265137
1768244656.133831,603,0.7364257574081421
1768244716.964991,608,0.7053124904632568
1768244741.308508,610,0.709765613079071
1768244777.9036064,613,0.7377734184265137
1768244790.1131086,614,0.7332226037979126
1768244814.4977055,616,0.775331974029541
1768244838.9121447,618,0.7695116996765137
1768244863.2290657,620,0.7773827910423279
1768244887.7972784,622,0.7433593273162842
1768244899.9726083,623,0.7614062428474426
1768244936.621977,626,0.7787694931030273
1768244961.2671056,628,0.7800390124320984
1768244973.5075495,629,0.7799413800239563
1768245022.516538,633,0.7573437094688416
1768245071.6111166,637,0.7952929735183716
1768245108.524595,640,0.7977148294448853
1768245120.8315604,641,0.7897851467132568
1768245133.1346283,642,0.8054296970367432
1768245145.449326,643,0.8011133074760437
1768245157.7370365,644,0.8001757264137268
1768245219.3504581,649,0.7754296660423279
1768245244.034176,651,0.7956836223602295
1768245256.4130716,652,0.7978515028953552
1768245268.6434903,653,0.7989844083786011
1768245280.9236174,654,0.8084765672683716
1768245293.2093284,655,0.8167187571525574
1768245330.1606388,658,0.8170312643051147
1768245354.8346243,660,0.8066992163658142
1768245441.5495007,667,0.81494140625
1768245478.5458584,670,0.8105859160423279
1768245540.6404538,675,0.8257616758346558
1768245553.1344063,676,0.8186132907867432
1768245565.422939,677,0.8063476085662842
1768245602.5465548,680,0.8055663704872131
1768245627.1510658,682,0.8257031440734863
1768245639.6511168,683,0.8250976800918579
1768245652.0655425,684,0.8207226395606995
1768245689.1255267,687,0.8221093416213989
1768245750.7090294,692,0.8206250071525574
1768245775.1236544,694,0.8134179711341858
1768245799.7334204,696,0.8329882621765137
1768245812.1239893,697,0.8347461223602295
1768245836.7125504,699,0.837831974029541
1768245873.6530628,702,0.8291601538658142
1768245885.9189334,703,0.8287695050239563
1768245910.7490726,705,0.8436523675918579
1768245960.052784,709,0.8238085508346558
1768245972.5545397,710,0.8225195407867432
1768245997.3224626,712,0.8308007717132568
1768246034.55505,715,0.8323632478713989
1768246059.3120794,717,0.8408203125
1768246096.4426103,720,0.82728511095047
1768246108.81847,721,0.8366601467132568
1768246133.616883,723,0.8365820050239563
1768246158.3246503,725,0.8461523056030273
1768246170.7351007,726,0.8432226181030273
1768246195.527532,728,0.8414843678474426
1768246207.886958,729,0.8357031345367432
1768246232.5093534,731,0.8531835675239563
1768246244.8709629,732,0.84583979845047
1768246257.2010572,733,0.8345898389816284
1768246319.120175,738,0.8345116376876831
1768246368.434113,742,0.8298046588897705
1768246380.7464619,743,0.8275585174560547
1768246393.016356,744,0.8232030868530273
1768246541.59908,756,0.8140624761581421
1768246566.4040434,758,0.7962108850479126
1768246640.9458227,764,0.8476758003234863
1768246653.5621686,765,0.8287304639816284
1768246690.9233847,768,0.8342382907867432
1768246703.342759,769,0.8286328315734863
1768246740.5919976,772,0.8349609375
1768246777.835005,775,0.849062442779541
1768246790.234366,776,0.8408398628234863
1768246814.9756224,778,0.8441015481948853
1768246827.239942,779,0.8551366925239563
1768246839.6295264,780,0.8505077958106995
1768246852.0203083,781,0.8444530963897705
1768246864.4178598,782,0.8486132621765137
1768246938.8179648,788,0.8277930021286011
1768246976.0059662,791,0.8463866710662842
1768247075.3298154,799,0.8465038537979126
1768247137.6024835,804,0.8427734375
1768247149.9188004,805,0.8481835126876831
1768247162.338679,806,0.8460155725479126
1768247174.7343512,807,0.8531836271286011
1768247212.0925372,810,0.839160144329071
1768247311.7026632,818,0.8467577695846558
1768247324.1780062,819,0.8539062142372131
1768247424.148484,827,0.8489648103713989
1768247436.6095755,828,0.8596874475479126
1768247486.581006,832,0.8646093606948853
1768247499.0458946,833,0.8685156106948853
1768247523.9934187,835,0.8597265481948853
1768247536.4286318,836,0.8714843988418579
1768247548.7890506,837,0.8567773103713989
1768247573.5743527,839,0.8331640958786011
1768247586.0531425,840,0.8496679663658142
1768247623.4975815,843,0.8470897674560547
1768247648.5444565,845,0.8712695240974426
1768247710.8555741,850,0.8800976276397705
1768247723.3093255,851,0.8749217987060547
1768247760.7794294,854,0.8856444954872131
1768247798.1964836,857,0.8839648365974426
1768247835.5765784,860,0.896289050579071
1768247860.5848558,862,0.8918749690055847
1768247898.2760663,865,0.8762304782867432
1768247910.6709971,866,0.8791406154632568
1768247960.3977108,870,0.8666796684265137
1768247972.9385123,871,0.8722070455551147
1768248135.6702335,884,0.8897851705551147
1768248148.2220166,885,0.8878710865974426
1768248160.6611526,886,0.8819531202316284
1768248210.786413,890,0.8839843273162842
1768248235.838004,892,0.8935546875
1768248273.3358676,895,0.8924413919448853
1768248298.3280497,897,0.8875780701637268
1768248310.966549,898,0.8887304067611694
1768248348.3868387,901,0.8836132287979126
1768248360.872053,902,0.8862499594688416
1768248423.6648324,907,0.8910546898841858
1768248436.1910036,908,0.8860155940055847
1768248461.2056093,910,0.8846679329872131
1768248473.6860232,911,0.8848241567611694
1768248511.126459,914,0.8848242163658142
1768248561.1626513,918,0.889453113079071
1768248573.6465526,919,0.8883007764816284
1768248598.599717,921,0.8906835913658142
1768248623.7547338,923,0.8850976228713989
1768248673.6079001,927,0.8910937309265137
1768248686.1036308,928,0.8878124356269836
1768248711.0632284,930,0.8827343583106995
1768248723.5852103,931,0.8884375095367432
1768248736.069509,932,0.8920507431030273
1768248773.5630817,935,0.906445324420929
1768248823.627294,939,0.9029296636581421
1768248848.7040172,941,0.9036327600479126
1768248861.2461517,942,0.9008398056030273
1768248898.7972662,945,0.9031640291213989
1768248948.8722115,949,0.9073241949081421
1768248986.6834216,952,0.8989062309265137
1768249024.4404385,955,0.8915624618530273
1768249037.0321715,956,0.8856444954872131
1768249087.4026268,960,0.9007226228713989
1768249112.5135758,962,0.9038671851158142
1768249125.010322,963,0.893496036529541
1768249150.065915,965,0.8930273056030273
1768249175.1806505,967,0.8990038633346558
1768249187.7173378,968,0.8946288824081421
1768249225.6017842,971,0.8971484303474426
1768249288.6250818,976,0.8954882621765137
1768249313.6590757,978,0.8950781226158142
1768249326.1564913,979,0.8892577886581421
1768249363.9452007,982,0.9101172089576721
1768249414.152599,986,0.9015429019927979
1768249464.2769673,990,0.9020702838897705
1768249489.3980572,992,0.8959179520606995
1768249514.4924688,994,0.8849023580551147
1768249539.5448427,996,0.8928320407867432
1768249564.5885596,998,0.8929492235183716
1768249577.1071508,999,0.8932616710662842
1768249614.8241918,1002,0.8920702934265137
1768249627.3524365,1003,0.8960156440734863
1768249639.9024024,1004,0.8938671350479126
1768249664.9617772,1006,0.9050585627555847
1768249727.9966116,1011,0.9033398628234863
1768249753.234226,1013,0.9043749570846558
1768249778.3301854,1015,0.9131835699081421
1768249803.5522258,1017,0.9051171541213989
1768249866.6787648,1022,0.9050976037979126
1768249917.0588331,1026,0.9083007574081421
1768249942.2560618,1028,0.8935741782188416
1768249954.847786,1029,0.8941406011581421
1768250030.1570165,1035,0.9123437404632568
1768250042.7313287,1036,0.9067773222923279
1768250055.4023905,1037,0.8964452743530273
1768250067.9368534,1038,0.8956640362739563
1768250080.5235062,1039,0.9070898294448853
1768250130.8699467,1043,0.9214843511581421
1768250168.5571294,1046,0.9247069954872131
1768250244.2115464,1052,0.9061523079872131
1768250294.6218383,1056,0.8986327648162842
1768250319.8380098,1058,0.9046874642372131
1768250332.3996868,1059,0.912890613079071
1768250345.087772,1060,0.9099999666213989
1768250370.3908432,1062,0.9165038466453552
1768250408.1926053,1065,0.9170116782188416
1768250433.4712105,1067,0.9117382764816284
1768250458.6437762,1069,0.915956974029541
1768250471.4188967,1070,0.9202538728713989
1768250484.0473976,1071,0.9209374189376831
1768250496.6881986,1072,0.9153124690055847
1768250509.3690245,1073,0.9167382717132568
1768250522.0504065,1074,0.9201171398162842
1768250560.098046,1077,0.9149608612060547
1768250572.7048328,1078,0.9149218201637268
1768250597.9075713,1080,0.9194140434265137
1768250610.4826834,1081,0.9238085746765137
1768250623.0312047,1082,0.9256836175918579
1768250661.0111115,1085,0.9246679544448853
1768250673.6036355,1086,0.9237109422683716
1768250686.1706238,1087,0.9099804162979126
1768250736.787678,1091,0.9104686975479126
1768250825.3328795,1098,0.9227929711341858
1768250850.615465,1100,0.922792911529541
1768250875.9460955,1102,0.9321874380111694
1768250888.660376,1103,0.9254101514816284
1768250901.277107,1104,0.92835932970047
1768250939.4200184,1107,0.9166796207427979
1768250964.7685294,1109,0.9217187166213989
1768250989.9675994,1111,0.9178711175918579
1768251002.4584954,1112,0.9164648056030273
1768251027.904635,1114,0.9137304425239563
1768251090.9440114,1119,0.9230272769927979
1768251116.1792872,1121,0.9172070026397705
1768251128.8196244,1122,0.9233983755111694
1768251166.5411634,1125,0.9270117282867432
1768251179.2178319,1126,0.9175585508346558
1768251204.545793,1128,0.92054682970047
1768251217.1837015,1129,0.9184374809265137
1768251242.409445,1131,0.9197655916213989
1768251255.1698742,1132,0.9132617115974426
1768251280.3448632,1134,0.9254687428474426
1768251293.0638494,1135,0.9274804592132568
1768251305.6255682,1136,0.9238476157188416
1768251343.6065118,1139,0.9263085722923279
1768251381.5365725,1142,0.9294335842132568
1768251432.2023826,1146,0.9300390481948853
1768251457.4098756,1148,0.9310156106948853
1768251482.7166831,1150,0.9263085722923279
1768251495.4739983,1151,0.9237108826637268
1768251508.0612469,1152,0.9240233898162842
1768251520.6905377,1153,0.9286718368530273
1768251609.0871644,1160,0.93177729845047
1768251634.3831234,1162,0.9294335842132568
1768251659.688233,1164,0.9279687404632568
1768251697.7307723,1167,0.9178320169448853
1768251773.5913336,1173,0.9309179782867432
1768251786.2542472,1174,0.9198241829872131
1768251811.6021376,1176,0.9331445097923279
1768251824.2144654,1177,0.9282811880111694
1768251836.917378,1178,0.9214648008346558
1768251887.5927062,1182,0.9343359470367432
1768251913.0000336,1184,0.9372069835662842
1768251938.3039858,1186,0.9339648485183716
1768251976.3897297,1189,0.9441405534744263
1768251988.9449284,1190,0.9496484398841858
1768252026.927377,1193,0.9348827600479126
1768252039.5978491,1194,0.9397851228713989
1768252052.308238,1195,0.9417773485183716
1768252077.5537345,1197,0.9366796612739563
1768252090.2879553,1198,0.9412108659744263
1768252128.5215373,1201,0.9415038824081421
1768252179.3504481,1205,0.937929630279541
1768252192.0574956,1206,0.9462108612060547
1768252204.7075999,1207,0.9503515362739563
1768252230.2175832,1209,0.9420507550239563
1768252280.8192039,1213,0.9402734041213989
1768252293.4648333,1214,0.9404687881469727
1768252344.2564561,1218,0.9461523294448853
1768252407.7843184,1223,0.9456640481948853
1768252433.0913868,1225,0.9484961032867432
1768252483.8256783,1229,0.9488672018051147
1768252521.9183786,1232,0.9479882717132568
1768252534.569537,1233,0.9510741829872131
1768252598.1311042,1238,0.9455664157867432
1768252623.4786155,1240,0.952578067779541
1768252661.7171285,1243,0.9484179615974426
1768252674.402865,1244,0.9493944644927979
1768252699.831748,1246,0.9468945264816284
1768252737.920293,1249,0.9440820217132568
1768252750.6326022,1250,0.9439257383346558
1768252763.3329146,1251,0.94482421875
1768252776.032587,1252,0.9386523365974426
1768252801.3673134,1254,0.9389452934265137
1768252826.8146682,1256,0.9406249523162842
1768252839.4385326,1257,0.9407616853713989
1768252877.7565553,1260,0.9432030916213989
1768252890.4031029,1261,0.9384570121765137
1768252966.5991957,1267,0.9436132907867432
1768253017.195265,1271,0.9466015100479126
1768253080.6303878,1276,0.940234363079071
1768253093.3368478,1277,0.9406249523162842
1768253106.1553326,1278,0.942187488079071
1768253157.0486472,1282,0.9454296827316284
1768253194.9578385,1285,0.9489452838897705
1768253258.5492373,1290,0.9498046636581421
1768253296.8189614,1293,0.9557421803474426
1768253360.2903552,1298,0.9498632550239563
1768253372.9629118,1299,0.9561327695846558
1768253411.207894,1302,0.9433984756469727
1768253462.1438687,1306,0.9468749761581421
1768253513.1745875,1310,0.9472265839576721
1768253576.6655047,1315,0.9439843893051147
1768253640.2145443,1320,0.9422656297683716
1768253665.8417006,1322,0.9380077719688416
1768253703.8446946,1325,0.9475780725479126
1768253716.6370995,1326,0.9404296875
1768253742.0385451,1328,0.9507616758346558
1768253830.898852,1335,0.9488672018051147
1768253945.3302867,1344,0.9488086104393005
1768253958.1300187,1345,0.9417968988418579
1768253996.1342018,1348,0.9473632574081421
1768254034.3168879,1351,0.951367199420929
1768254047.068533,1352,0.9489648342132568
1768254072.4890893,1354,0.9524023532867432
1768254123.356111,1358,0.9514843821525574
1768254148.8019702,1360,0.9517577886581421
1768254199.6216655,1364,0.9603124856948853
1768254212.2295256,1365,0.9616991877555847
1768254224.8559916,1366,0.9501952528953552
1768254237.519616,1367,0.9511327743530273
1768254250.224966,1368,0.9544921517372131
1768254300.780936,1372,0.9554492235183716
1768254338.9565804,1375,0.9546484351158142
1768254351.684546,1376,0.9498046636581421
1768254402.61122,1380,0.9531445503234863
1768254466.0718055,1385,0.9554687142372131
1768254478.7608192,1386,0.9583984017372131
1768254529.661062,1390,0.9485937356948853
1768254567.9773014,1393,0.9537890553474426
1768254619.1206033,1397,0.9483007192611694
1768254873.5667765,1417,0.95654296875
1768254924.4850838,1421,0.9511523246765137
1768255051.6372416,1431,0.9533593654632568
1768255064.300443,1432,0.9578319787979126
1768255115.1655822,1436,0.95947265625
1768255140.42681,1438,0.9487499594688416
1768255153.2041924,1439,0.9528515338897705
1768255165.8983326,1440,0.9576952457427979
1768255178.578874,1441,0.9570116996765137
1768255216.7547824,1444,0.9521484375
1768255254.8831282,1447,0.9584570527076721
1768255280.3522398,1449,0.954882800579071
1768255305.6990516,1451,0.9534765481948853
1768255318.4015267,1452,0.9524609446525574
1768255343.7503817,1454,0.9568163752555847
1768255356.3967857,1455,0.96156245470047
1768255381.8007948,1457,0.9563086032867432
1768255394.5767016,1458,0.9601757526397705
1768255407.20973,1459,0.9607616662979126
1768255419.8437855,1460,0.9585741758346558
1768255432.6160483,1461,0.9584569931030273
1768255458.0027575,1463,0.9571288824081421
1768255547.0180576,1470,0.9507421851158142
1768255585.0918524,1473,0.9595312476158142
1768255597.7912261,1474,0.9544335603713989
1768255623.1697767,1476,0.954042911529541
1768255712.5937676,1483,0.9553905725479126
1768255763.5725377,1487,0.9520508050918579
1768255789.1412463,1489,0.9526171684265137
1768255801.8664498,1490,0.9543359279632568
1768255840.1217966,1493,0.9645116925239563
1768255852.8122027,1494,0.9619922041893005
1768255903.8489928,1498,0.9656835794448853
1768255916.6757655,1499,0.9651952981948853
1768255929.4613218,1500,0.9599999785423279
1768255955.0014222,1502,0.9621679782867432
1768256044.566794,1509,0.9564648270606995
1768256057.3353734,1510,0.9585546851158142
1768256070.0200157,1511,0.9582030773162842
1768256095.6046596,1513,0.9656835794448853
1768256121.1905782,1515,0.9566210508346558
1768256133.9400394,1516,0.960742175579071
1768256223.3649971,1523,0.9563671350479126
1768256287.1080637,1528,0.9594531059265137
1768256363.773015,1534,0.9475195407867432
1768256402.1517878,1537,0.9516406059265137
1768256415.0375755,1538,0.9493750333786011
1768256453.289033,1541,0.9581249952316284
1768256542.675847,1548,0.9536913633346558
1768256580.8770123,1551,0.9546679854393005
1768256593.6779811,1552,0.9580078125
1768256606.4218664,1553,0.9553515911102295
1768256721.1425762,1562,0.9627148509025574
1768256759.4666417,1565,0.9598436951637268
1768256772.2118948,1566,0.9576367139816284
1768256797.743198,1568,0.95423823595047
1768256823.4319432,1570,0.960742175579071
1768256836.249578,1571,0.9584569931030273
1768256849.0535328,1572,0.9598633050918579
1768256861.8028166,1573,0.9670897722244263
1768256900.20885,1576,0.9620507955551147
1768256925.80962,1578,0.954882800579071
1768256951.3127427,1580,0.9652343392372131
1768256964.0528367,1581,0.9654883146286011
1768256976.7596354,1582,0.9654492139816284
1768257015.1394842,1585,0.9562695026397705
1768257079.0359313,1590,0.9641015529632568
1768257143.0268948,1595,0.9636132717132568
1768257155.7536843,1596,0.9608983993530273
1768257168.4253755,1597,0.9600194692611694
1768257219.4588723,1601,0.9540820121765137
1768257232.2901635,1602,0.9589452743530273
1768257245.0263994,1603,0.9578320384025574
1768257347.2310872,1611,0.9541211128234863
1768257372.6458066,1613,0.9641796350479126
1768257385.4212866,1614,0.95374995470047
1768257410.90958,1616,0.9644140601158142
1768257487.9972725,1622,0.9598437547683716
1768257513.4565346,1624,0.9588671922683716
1768257551.7244182,1627,0.9690624475479126
1768257602.741213,1631,0.9715038537979126
1768257654.6237898,1635,0.9727734327316284
1768257680.809483,1637,0.9689452648162842
1768257718.9798453,1640,0.9679101705551147
1768257731.7688327,1641,0.96888667345047
1768257795.6332705,1646,0.9631054401397705
1768257808.3848517,1647,0.9664062261581421
1768257833.9368987,1649,0.9638476371765137
1768257859.6414282,1651,0.9683593511581421
1768257872.439383,1652,0.9656640291213989
1768257885.1843174,1653,0.9690625071525574
1768257897.9122965,1654,0.9611327648162842
1768257923.5013576,1656,0.9677538871765137
1768257949.1266038,1658,0.9649218916893005
1768258000.2555013,1662,0.96484375
1768258025.8509238,1664,0.9651952981948853
1768258051.5135672,1666,0.965136706829071
1768258089.9306786,1669,0.9617382287979126
1768258102.6709855,1670,0.9576562643051147
1768258153.8589714,1674,0.9655077457427979
1768258192.1369905,1677,0.9662694931030273
1768258217.7564795,1679,0.9589648246765137
1768258230.5489497,1680,0.9594335556030273
1768258256.005846,1682,0.9570702910423279
1768258294.2688713,1685,0.9580468535423279
1768258307.0321822,1686,0.9570116996765137
1768258319.8258986,1687,0.9559179544448853
1768258332.6088128,1688,0.9586913585662842
1768258396.5074894,1693,0.9590624570846558
1768258409.3315449,1694,0.9656444787979126
1768258422.1550474,1695,0.9682226181030273
1768258473.2128525,1699,0.9623047113418579
1768258486.0032187,1700,0.9564452767372131
1768258511.460061,1702,0.9574413895606995
1768258537.0096614,1704,0.9649609327316284
1768258575.502701,1707,0.9569921493530273
1768258601.0443354,1709,0.9656249284744263
1768258613.8348567,1710,0.9611132740974426
1768258626.6772506,1711,0.9662694931030273
1768258639.5757487,1712,0.9639648199081421
1768258716.19017,1718,0.95570307970047
1768258767.460385,1722,0.9543163776397705
1768258780.181666,1723,0.9510155916213989
1768258792.9900165,1724,0.9558202624320984
1768258805.74877,1725,0.9593359231948853
1768258869.8294442,1730,0.9641015529632568
1768258972.063408,1738,0.9599023461341858
1768258984.8454838,1739,0.9600390195846558
1768259036.005594,1743,0.9660741686820984
1768259061.522154,1745,0.9568554759025574
1768259099.8747687,1748,0.9620703458786011
1768259112.6290934,1749,0.9616405963897705
1768259125.4492812,1750,0.9663671255111694
1768259138.1978405,1751,0.9631445407867432
1768259163.832526,1753,0.9630858898162842
1768259176.7384484,1754,0.9616601467132568
1768259215.141519,1757,0.9646484851837158
1768259279.0991187,1762,0.9695116877555847
1768259291.961649,1763,0.9639257192611694
1768259317.4796462,1765,0.9656835794448853
1768259356.0505593,1768,0.9636718034744263
1768259445.8201213,1775,0.9636913537979126
1768259458.5158505,1776,0.9629296660423279
1768259471.2697065,1777,0.9579296112060547
1768259509.775143,1780,0.9732812643051147
1768259561.059718,1784,0.9736523032188416
1768259573.8005824,1785,0.9630663990974426
1768259586.484836,1786,0.9632421731948853
1768259625.1092632,1789,0.9611718654632568
1768259637.9604611,1790,0.9643163681030273
1768259663.5540566,1792,0.9699999690055847
1768259689.1310742,1794,0.9627343416213989
1768259714.7405896,1796,0.9679687023162842
1768259765.7909527,1800,0.9615429639816284
1768259791.4909954,1802,0.9696679711341858
1768259868.2303681,1808,0.9697461128234863
1768259893.8843038,1810,0.9690624475479126
1768259945.0204518,1814,0.960390567779541
1768260009.0022388,1819,0.9614648222923279
1768260060.2745814,1823,0.9653124809265137
1768260098.6349816,1826,0.9622851610183716
1768260111.4445,1827,0.9642187356948853
1768260137.0804539,1829,0.9672656059265137
1768260149.8217986,1830,0.9673047065734863
1768260175.3687568,1832,0.9567186832427979
1768260188.1126192,1833,0.9630858898162842
1768260200.9570327,1834,0.9644531011581421
1768260226.4924634,1836,0.9634765386581421
1768260239.323947,1837,0.9671288728713989
1768260252.1520855,1838,0.9722265005111694
1768260341.6731937,1845,0.9666405916213989
1768260354.5055974,1846,0.9618945121765137
1768260367.2842572,1847,0.9583398103713989
1768260380.176921,1848,0.9651952981948853
1768260418.7139604,1851,0.965527355670929
1768260533.762997,1860,0.9687108993530273
1768260585.078979,1864,0.9680468440055847
1768260597.8777628,1865,0.9680078029632568
1768260610.6711826,1866,0.9640234112739563
1768260623.5017374,1867,0.9675195217132568
1768260674.6936245,1871,0.9742773175239563
1768260687.497056,1872,0.9669921398162842
1768260713.1003566,1874,0.9625585079193115
1768260725.8547888,1875,0.9593554735183716
1768260751.482823,1877,0.9677734375
1768260789.7341723,1880,0.9632812142372131
1768260828.056773,1883,0.9646874666213989
1768260840.8969634,1884,0.9654101133346558
1768260866.413339,1886,0.9642187356948853
1768260892.006444,1888,0.9724023342132568
1768260917.589171,1890,0.9662304520606995
1768260981.685076,1895,0.9706249833106995
1768261032.7639687,1899,0.9684960842132568
1768261071.0735173,1902,0.964648425579071
1768261122.2620974,1906,0.9631836414337158
1768261147.820867,1908,0.9708007574081421
1768261160.7344928,1909,0.9712499380111694
1768261173.455319,1910,0.9715038537979126
1768261211.7235124,1913,0.9680858850479126
1768261275.7033312,1918,0.9624413847923279
1768261352.643746,1924,0.9700976014137268
1768261365.4009933,1925,0.9612694978713989
1768261378.190159,1926,0.9651561975479126
1768261416.611756,1929,0.9668163657188416
1768261455.0355725,1932,0.9693163633346558
1768261493.3240218,1935,0.9659764766693115
1768261506.0810008,1936,0.9640624523162842
1768261557.2863665,1940,0.9675976037979126
1768261570.0449955,1941,0.9643359184265137
1768261582.8323321,1942,0.95947265625
1768261621.2554827,1945,0.9724414348602295
1768261646.7666113,1947,0.9615038633346558
1768261685.0288215,1950,0.9662109017372131
1768261723.521809,1953,0.9616014957427979
1768261762.0260189,1956,0.9678320288658142
1768261813.1308203,1960,0.9774609208106995
1768261825.9826066,1961,0.9677929282188416
1768261838.7772777,1962,0.9671484231948853
1768261851.5684867,1963,0.9623242020606995
1768261864.4281175,1964,0.9686523079872131
1768261890.2875237,1966,0.9649804830551147
1768261903.047806,1967,0.9690234661102295
1768261915.8362672,1968,0.9691406488418579
1768261928.7089639,1969,0.9747655987739563
1768262031.4407518,1977,0.9715429544448853
1768262057.002689,1979,0.968066394329071
1768262069.8285954,1980,0.9665038585662842
1768262082.6792617,1981,0.9676367044448853
1768262095.5100112,1982,0.9634179472923279
1768262134.1630526,1985,0.9767773151397705
1768262159.8319244,1987,0.9697461128234863
1768262172.6399019,1988,0.9704296588897705
1768262211.1109016,1991,0.9710546731948853
1768262223.9393027,1992,0.9685156345367432
1768262530.9986956,2016,0.9637694954872131
1768262543.8538127,2017,0.9588086009025574
1768262595.2039742,2021,0.9635351300239563
1768262607.9931073,2022,0.9701367020606995
1768262620.810679,2023,0.973085880279541
1768262646.3488145,2025,0.9737304449081421
1768262659.2019868,2026,0.9644531011581421
1768262684.8650713,2028,0.9687695503234863
1768262723.3628533,2031,0.9649413824081421
1768262736.220396,2032,0.9647655487060547
1768262761.8897913,2034,0.9706640243530273
1768262774.6484632,2035,0.9692968130111694
1768262787.4216292,2036,0.9645702838897705
1768262838.7938662,2040,0.9600390195846558
1768262851.608233,2041,0.968945324420929
1768262877.069241,2043,0.9667577743530273
1768262889.8678787,2044,0.9660155773162842
1768262928.3203099,2047,0.9646288156509399
1768262953.9885714,2049,0.9725195169448853
1768263018.153443,2054,0.9636523723602295
1768263030.9393027,2055,0.9645898342132568
1768263043.729526,2056,0.9652734398841858
1768263056.5195658,2057,0.968691349029541
1768263184.55574,2067,0.9637890458106995
1768263197.4197586,2068,0.9666796922683716
1768263222.9960334,2070,0.9650195240974426
1768263274.2279954,2074,0.9662890434265137
1768263325.4845953,2078,0.9586132764816284
1768263338.253888,2079,0.9613085985183716
1768263402.527596,2084,0.9599609375
1768263428.0741034,2086,0.9644531011581421
1768263441.0174737,2087,0.9640234112739563
1768263466.5621996,2089,0.9679882526397705
1768263479.4116404,2090,0.9675390720367432
1768263492.1906762,2091,0.9647070169448853
1768263543.3046448,2095,0.9634960889816284
1768263568.9645503,2097,0.9655078053474426
1768263581.875286,2098,0.9718359112739563
1768263607.4707005,2100,0.9649609327316284
1768263645.9188392,2103,0.9663280844688416
1768263658.7344072,2104,0.9534960985183716
1768263671.5417278,2105,0.9586913585662842
1768263684.3691072,2106,0.9594531059265137
1768263722.9275782,2109,0.9657226204872131
1768263735.727275,2110,0.9669140577316284
1768263787.0574505,2114,0.9636523127555847
1768263799.986932,2115,0.9673241972923279
1768263851.242374,2119,0.9693359136581421
1768263864.074135,2120,0.9635937213897705
1768263889.6994948,2122,0.9633398056030273
1768263902.5988855,2123,0.9641015529632568
1768263915.4614825,2124,0.9643945097923279
1768263954.0574446,2127,0.9606640338897705
1768264044.0354996,2134,0.9660546779632568
1768264056.9210541,2135,0.9688671231269836
1768264069.758092,2136,0.9689648151397705
1768264108.395697,2139,0.96826171875
1768264159.856375,2143,0.9538476467132568
1768264237.1313512,2149,0.9630273580551147
1768264250.0312743,2150,0.9679687023162842
1768264301.5171108,2154,0.9661914110183716
1768264314.3391557,2155,0.9649804830551147
1768264365.7703521,2159,0.9634765386581421
1768264378.4815526,2160,0.9706640243530273
1768264391.3217566,2161,0.9691405892372131
1768264404.2658758,2162,0.9640429019927979
1768264494.2326262,2169,0.9688085317611694
1768264545.8217883,2173,0.9676367044448853
1768264571.552834,2175,0.970156192779541
1768264584.4194582,2176,0.9606835842132568
1768264674.4413075,2183,0.9731835722923279
1768264700.319241,2185,0.9709570407867432
1768264726.0902674,2187,0.9717968702316284
1768264751.6914494,2189,0.9717968106269836
1768264815.8605936,2194,0.9684765338897705
1768264880.1885002,2199,0.9684569835662842
1768264905.9194713,2201,0.974550724029541
1768264918.7946854,2202,0.9727148413658142
1768264931.611389,2203,0.9752929210662842
1768264970.2317555,2206,0.976503849029541
1768265009.0020728,2209,0.97021484375
1768265034.7765422,2211,0.9711718559265137
1768265047.631196,2212,0.9723827838897705
1768265073.4139543,2214,0.9718164205551147
1768265086.2654097,2215,0.9679296612739563
1768265099.2050643,2216,0.9715625047683716
1768265163.6979566,2221,0.9706835746765137
1768265176.5935936,2222,0.9733593463897705
1768265189.3577762,2223,0.9733788967132568
1768265214.9857662,2225,0.9691015481948853
1768265240.8231378,2227,0.9664062261581421
1768265356.8718927,2236,0.9686132669448853
1768265395.3895948,2239,0.97035151720047
1768265434.1119223,2242,0.9689843654632568
1768265459.81218,2244,0.9699413776397705
1768265588.8077142,2254,0.9749609231948853
1768265627.53541,2257,0.9718554615974426
1768265640.4233093,2258,0.9714647531509399
1768265717.6160336,2264,0.966992199420929
1768265743.3715546,2266,0.9693359136581421
1768265756.3228323,2267,0.9759960770606995
1768265872.294794,2276,0.9707226753234863
1768265923.9720266,2280,0.9708788394927979
1768265936.8645308,2281,0.9747070074081421
1768265988.5066245,2285,0.9706249833106995
1768266065.715807,2291,0.975039005279541
1768266078.6392388,2292,0.9727734327316284
1768266091.4676611,2293,0.9691210985183716
1768266181.805713,2300,0.9748827815055847
1768266246.2158306,2305,0.9751757383346558
1768266259.169927,2306,0.9745312333106995
1768266271.9939892,2307,0.9762694835662842
1768266297.7434216,2309,0.9733007550239563
1768266323.446561,2311,0.9698241949081421
1768266374.8835113,2315,0.9654492139816284
1768266387.79651,2316,0.9704296588897705
1768266426.4861038,2319,0.9743554592132568
1768266490.7757473,2324,0.9646679162979126
1768266568.0037143,2330,0.971621036529541
1768266593.6558979,2332,0.9789062142372131
1768266632.3740957,2335,0.9658007621765137
1768266696.7514212,2340,0.9738085865974426
1768266722.462684,2342,0.9679882526397705
1768266735.294432,2343,0.9776952862739563
1768266748.1367416,2344,0.9721288681030273
1768266773.9414134,2346,0.9727147817611694
1768266786.81346,2347,0.9668163657188416
1768266799.8256724,2348,0.9655077457427979
1768266838.525422,2351,0.9698632955551147
1768266851.4540732,2352,0.9737304449081421
1768266864.5245535,2353,0.9826757311820984
1768266915.958025,2357,0.9662890434265137
1768266941.7247155,2359,0.9771093726158142
1768266980.4258866,2362,0.9677929878234863
1768267019.1226654,2365,0.9749413728713989
1768267057.8797555,2368,0.968945324420929
1768267096.5614495,2371,0.9687108993530273
1768267122.3017604,2373,0.9666210412979126
1768267186.8704238,2378,0.9685351252555847
1768267264.223477,2384,0.9683202505111694
1768267328.5580409,2389,0.9688671827316284
1768267354.4019845,2391,0.97021484375
1768267380.156561,2393,0.9705663919448853
1768267393.014655,2394,0.9675976037979126
1768267406.0519,2395,0.968066394329071
1768267418.9256716,2396,0.9724218249320984
1768267431.7776723,2397,0.9743750095367432
1768267444.5421453,2398,0.96791011095047
1768267483.3468802,2401,0.9712499380111694
1768267573.721274,2408,0.9672461152076721
1768267625.1034155,2412,0.972949206829071
1768267663.637825,2415,0.9670507907867432
1768267715.153585,2419,0.9757616519927979
1768267830.9906473,2428,0.9698437452316284
1768267869.6325517,2431,0.9728906154632568
1768267921.193293,2435,0.9744335412979126
1768267934.0880482,2436,0.9715038537979126
1768267959.9076426,2438,0.9747265577316284
1768267972.7950735,2439,0.9747655987739563
1768267998.4871242,2441,0.9722850918769836
1768268011.4123833,2442,0.9711523056030273
1768268088.7047803,2448,0.9658983945846558
1768268165.9440374,2454,0.9733593463897705
1768268217.3352418,2458,0.9732031226158142
1768268230.1515758,2459,0.9678906202316284
1768268268.7412124,2462,0.9717187285423279
1768268294.3477979,2464,0.97216796875
1768268307.1776612,2465,0.9697070121765137
1768268332.9294186,2467,0.965624988079071
1768268358.6627922,2469,0.9715234041213989
1768268410.2094584,2473,0.9754492044448853
1768268436.0811286,2475,0.9694726467132568
1768268461.8894367,2477,0.9774804711341858
1768268552.0941582,2484,0.9750781059265137
1768268564.9297402,2485,0.9657421708106995
1768268616.5869262,2489,0.974414050579071
1768268668.0477295,2493,0.9679492115974426
1768268706.6766427,2496,0.9671874642372131
1768268732.4683015,2498,0.9681835770606995
1768268745.3339603,2499,0.9698437452316284
1768268758.2559385,2500,0.9693945050239563
1768268771.1331756,2501,0.9650781154632568
1768268797.02875,2503,0.9728320240974426
1768268822.8580992,2505,0.9746874570846558
1768268835.7259238,2506,0.9746679067611694
1768268861.5007684,2508,0.9785351157188416
1768268887.3476844,2510,0.9746679067611694
1768268925.9814954,2513,0.9686523079872131
1768268951.6442232,2515,0.9744530916213989
1768268977.4662325,2517,0.9749413728713989
1768268990.3642583,2518,0.9720897674560547
1768269003.2253642,2519,0.9779297113418579
1768269028.9403396,2521,0.9754492044448853
1768269054.7235453,2523,0.9728710651397705
1768269080.4906697,2525,0.97509765625
